filename,title,year
0_the-picador-1890.jpg,the picador,1890
1000_smoke-over-vallauris-1951.jpg,smoke over vallauris,1951
1001_girl-in-chair-1952.jpg,girl in chair,1952
1002_mediterranean-landscape-1952.jpg,mediterranean landscape,1952
1003_breakfast-1953.jpg,breakfast,1953
1004_child-playing-in-camomilles-1953.jpg,child playing in camomilles,1953
1005_mother-and-child-1953.jpg,mother and child,1953
1006_plat-ovale-1953.jpg,plat ovale,1953
1007_seated-woman-1953.jpg,seated woman,1953
1008_the-shadow-1953.jpg,the shadow,1953
1009_woman-reading-1953.jpg,woman reading,1953
100_woman-with-cap-1901.jpg,woman with cap,1901
1010_woman-sitting-in-an-armchair-1953.jpg,woman sitting in an armchair,1953
1012_dancer-1954.jpg,dancer,1954
1013_jacqueline-with-flowers-1954.jpg,jacqueline with flowers,1954
1014_jug-with-handle-1954.jpg,jug with handle,1954
1015_portrait-of-jacqueline-roque-with-her-hands-crossed-1954.jpg,portrait of jacqueline roque with her hands crossed,1954
1016_portrait-of-sylvette-david-1954.jpg,portrait of sylvette david,1954
1017_portrait-of-sylvette-david-1954-1.jpg,portrait of sylvette david,1954
1018_portrait-of-sylvette-david-1954-2.jpg,portrait of sylvette david,1954
101_woman-with-chignon-1901.jpg,woman with chignon,1901
1020_portrait-of-sylvette-david-in-green-chair-1954.jpg,portrait of sylvette david in green chair,1954
1021_reclining-woman-1954.jpg,reclining woman,1954
1022_untitled-1954.jpg,untitled,1954
1023_algerian-women-1955.jpg,algerian women,1955
1024_algerian-women-delacroix-1955.jpg,algerian women delacroix,1955
1025_bullfighting-scene-the-picador-raised-1955.jpg,bullfighting scene the picador raised,1955
1026_bullfighting-scene-the-torero-is-raised-1955.jpg,bullfighting scene the torero is raised,1955
1027_jacqueline-in-turkish-costume-1955.jpg,jacqueline in turkish costume,1955
1028_lying-naked-woman-1955.jpg,lying naked woman,1955
1029_lying-naked-woman-1955-1.jpg,lying naked woman,1955
102_woman-with-feathered-hat-1901.jpg,woman with feathered hat,1901
1030_lying-naked-woman-the-voyeurs-1955.jpg,lying naked woman the voyeurs,1955
1031_nude-woman-with-turkish-bonnet-1955.jpg,nude woman with turkish bonnet,1955
1032_still-life-on-the-dresser-1955.jpg,still life on the dresser,1955
1033_the-beach-in-garoupe-1955.jpg,the beach in garoupe,1955
1034_the-beach-in-garoupe-1955-1.jpg,the beach in garoupe,1955
1035_untitled-1955.jpg,untitled,1955
1036_women-of-algiers-1955.jpg,women of algiers,1955
1037_don-quixote-1955.jpg,don quixote,1955
1038_armchair-california-1956.jpg,armchair california,1956
1039_crouching-female-nude-1956.jpg,crouching female nude,1956
103_woman-with-hat-1901.jpg,woman with hat,1901
1040_female-nude-near-the-garden-1956.jpg,female nude near the garden,1956
1041_interior-with-girl-drawing-1956.jpg,interior with girl drawing,1956
1042_jacqueline-at-the-studio-1956.jpg,jacqueline at the studio,1956
1043_man-and-woman-on-the-beach-1956.jpg,man and woman on the beach,1956
1044_naked-woman-in-rocking-chair-1956.jpg,naked woman in rocking chair,1956
1045_spring-1956.jpg,spring,1956
1046_studio-of-california-in-cannes-1956.jpg,studio of california in cannes,1956
1047_two-women-on-the-beach-1956.jpg,two women on the beach,1956
1048_woman-in-the-studio-1956.jpg,woman in the studio,1956
1049_seated-woman-with-red-hat-1956.jpg,seated woman with red hat,1956
104_woman-with-jewelery-1901.jpg,woman with jewelery,1901
1050_dance-of-fauns-1957.jpg,dance of fauns,1957
1051_las-meninas-velazquez-1957.jpg,las meninas velazquez,1957
1052_las-meninas-velazquez-1957-1.jpg,las meninas velazquez,1957
1053_las-meninas-velazquez-1957-2.jpg,las meninas velazquez,1957
1054_las-meninas-velazquez-1957-3.jpg,las meninas velazquez,1957
1055_las-meninas-velazquez-1957-4.jpg,las meninas velazquez,1957
1056_las-meninas-velazquez-1957-5.jpg,las meninas velazquez,1957
1057_las-meninas-velazquez-1957-6.jpg,las meninas velazquez,1957
1058_maria-agustina-sarmiento-velazquez-1957.jpg,maria agustina sarmiento velazquez,1957
1059_portrait-of-jacqueline-1957.jpg,portrait of jacqueline,1957
105_woman-with-necklace-of-gems-1901.jpg,woman with necklace of gems,1901
1060_studio-pigeons-velazquez-1957.jpg,studio pigeons velazquez,1957
1061_studio-pigeons-velazquez-1957-1.jpg,studio pigeons velazquez,1957
1062_studio-pigeons-velazquez-1957-2.jpg,studio pigeons velazquez,1957
1063_studio-pigeons-velazquez-1957-3.jpg,studio pigeons velazquez,1957
1064_the-piano-velazquez-1957.jpg,the piano velazquez,1957
1066_man-and-woman-1958.jpg,man and woman,1958
1067_nude-gathering-flowers-1958.jpg,nude gathering flowers,1958
1068_two-seated-women-1958.jpg,two seated women,1958
1069_untitled-1958.jpg,untitled,1958
106_women-in-the-loge-1901.jpg,women in the loge,1901
1070_untitled-1958-1.jpg,untitled,1958
1072_bacchanale-au-taureau-noir-1959.jpg .jpg,bacchanale au taureau noir,1959
1073_bobo-velazquez-murillo-1959.jpg,bobo velazquez murillo,1959
1074_buffet-henry-ii-and-armchair-with-dog-1959.jpg,buffet henry ii and armchair with dog,1959
1075_crouching-female-nude-1959.jpg,crouching female nude,1959
1076_lying-female-nude-under-the-pine-tree-1959.jpg,lying female nude under the pine tree,1959
1077_seated-female-nude-1959.jpg,seated female nude,1959
1078_the-dining-room-of-vauvenargues-1959.jpg,the dining room of vauvenargues,1959
1079_le-dejeuner-sur-l-herbe-d-apres-manet-1960.jpg,le dejeuner sur l herbe d apres manet,1960
1080_fish-chowder-1960.jpg,fish chowder,1960
1081_naked-woman-on-the-beach-and-shovel-1960.jpg,naked woman on the beach and shovel,1960
1082_reclining-woman-reading-1960.jpg,reclining woman reading,1960
1083_seated-woman-1960.jpg,seated woman,1960
1084_seated-woman-jacqueline-1960.jpg,seated woman jacqueline,1960
1085_studio-pigeons-perch-1960.jpg,studio pigeons perch,1960
1086_woman-in-armchair-1960.jpg,woman in armchair,1960
1087_luncheon-on-the-grass-1961.jpg,luncheon on the grass,1961
1088_the-luncheon-on-the-grass-1961.jpg,the luncheon on the grass,1961
1089_women-s-toilette-1961.jpg,women s toilette,1961
1091_femme-au-chien-1962.jpeg,femme au chien,1962
1092_bearded-man-1962.jpg,bearded man,1962
1093_bust-of-woman-with-yellow-ribbon-jacqueline-1962.jpg,bust of woman with yellow ribbon jacqueline,1962
1094_danae-1962.jpg,danae,1962
1095_still-life-with-cat-and-lobster-1962.jpg,still life with cat and lobster,1962
1096_the-abduction-of-sabines-1962.jpg,the abduction of sabines,1962
1097_the-abduction-of-sabines-1962-1.jpg,the abduction of sabines,1962
1098_the-luncheon-on-the-grass-1962.jpg,the luncheon on the grass,1962
1099_woman-sitting-in-an-armchair-1962.jpg,woman sitting in an armchair,1962
10_artist-s-mother-1896.jpg,artist s mother,1896
1100_woman-sitting-in-blue-armchair-1962.jpg,woman sitting in blue armchair,1962
1101_woman-with-hat-1962.jpg,woman with hat,1962
1102_woman-with-hat-1962-1.jpg,woman with hat,1962
1103_an-artist-1963.jpg,an artist,1963
1104_painter-and-his-model-1963.jpg,painter and his model,1963
1105_painter-and-his-model-1963-1.jpg,painter and his model,1963
1106_painter-and-his-model-1963-2.jpg,painter and his model,1963
1107_the-abduction-of-sabines-1963.jpg,the abduction of sabines,1963
1109_female-nude-sitting-in-the-armchair-1964.jpg,female nude sitting in the armchair,1964
110_blue-nude-1902.jpg .jpg,blue nude,1902
1110_jacqueline-sitting-with-her-cat-1964.jpg,jacqueline sitting with her cat,1964
1111_lying-female-nude-1964.jpg,lying female nude,1964
1112_lying-female-nude-1964-1.jpg,lying female nude,1964
1113_lying-female-nude-1964-2.jpg,lying female nude,1964
1114_lying-female-nude-playing-with-cat-1964.jpg,lying female nude playing with cat,1964
1115_lying-female-nude-playing-with-cat-1964-1.jpg,lying female nude playing with cat,1964
1116_lying-female-nude-with-cat-1964.jpg,lying female nude with cat,1964
1117_portrait-de-femme-en-buste-1924.jpg .jpg,portrait de femme en buste,1924
1118_bust-of-woman-1965.jpg,bust of woman,1965
1119_drawing-nude-seated-in-armchair-1965.jpg,drawing nude seated in armchair,1965
1120_family-1965.jpg,family,1965
1121_seated-man-self-portrait-1965.jpg,seated man self portrait,1965
1122_the-aubade-1965.jpg,the aubade,1965
1123_the-sleepers-1965.jpg,the sleepers,1965
1124_untitled-1966.jpg,untitled,1966
1125_woman-with-bird-1966.jpg,woman with bird,1966
1126_an-artist-1967.jpg,an artist,1967
1127_female-nude-with-man-s-head-1967.jpg,female nude with man s head,1967
1128_man-with-lamb-man-eating-watermelon-and-flutist-1967.jpg,man with lamb man eating watermelon and flutist,1967
1129_naked-man-and-woman-1967.jpg,naked man and woman,1967
112_advertisement-for-lecitina-agell-1902.jpg,advertisement for lecitina agell,1902
1130_naked-woman-and-musketeer-1967.jpg,naked woman and musketeer,1967
1131_painter-and-his-palette-1967.jpg,painter and his palette,1967
1132_seated-man-playing-flute-1967.jpg,seated man playing flute,1967
1133_two-women-on-the-beach-1967.jpg,two women on the beach,1967
1134_untitled-1967.jpg,untitled,1967
1135_man-with-pipe-1968.jpg,man with pipe,1968
1136_musketeer-with-pipe-1968.jpg,musketeer with pipe,1968
1137_standing-female-nude-and-man-with-pipe-1968.jpg,standing female nude and man with pipe,1968
1138_the-man-with-a-pipe-1968.jpg,the man with a pipe,1968
1139_untitled-1968.jpg,untitled,1968
113_crouching-beggar-1902.jpg,crouching beggar,1902
1140_big-heads-1969.jpg,big heads,1969
1141_matador-1970.jpg,matador,1970
1142_matador-and-female-nude-1970.jpg,matador and female nude,1970
1143_musketeer-1970.jpg,musketeer,1970
1144_reclining-nude-with-wreath-1970.jpg,reclining nude with wreath,1970
1145_seated-old-man-1970.jpg,seated old man,1970
1146_the-eight-names-of-picasso-1970.jpg,the eight names of picasso,1970
1147_untitled-1970.jpg,untitled,1970
1148_untitled-1970-1.jpg,untitled,1970
1149_untitled-1970-2.jpg,untitled,1970
114_crouching-woman-1902.jpg,crouching woman,1902
1150_woman-with-bird-1970.jpg,woman with bird,1970
1151_bust-of-woman-1971.jpg,bust of woman,1971
1152_crouching-man-1971.jpg,crouching man,1971
1153_embrace-1971.jpg,embrace,1971
1154_head-of-a-man-with-straw-hat-1971.jpg,head of a man with straw hat,1971
1155_man-and-woman-1971.jpg,man and woman,1971
1156_paternity-1971.jpg,paternity,1971
1157_seated-woman-1971.jpg,seated woman,1971
1158_untitled-1971.jpg,untitled,1971
1159_untitled-1971-1.jpg,untitled,1971
115_drunk-woman-is-tired-1902.jpg,drunk woman is tired,1902
1160_untitled-1971-2.jpg,untitled,1971
1161_untitled-1971-3.jpg,untitled,1971
1162_woman-with-braid-1971.jpg,woman with braid,1971
1163_niko-pirosmani-1972.jpg,niko pirosmani,1972
1164_dizayn-etiketki-chateau-mouton-rothschild-1973.png,dizayn etiketki chateau mouton rothschild,1973
117_head-of-dead-woman-1902.jpg,head of dead woman,1902
118_man-and-woman-1902.jpg,man and woman,1902
11_first-communion-1896.jpg,first communion,1896
121_mother-and-child-1902.jpg,mother and child,1902
122_mother-and-child-on-the-beach-1902.jpg,mother and child on the beach,1902
123_mother-and-child-on-the-beach-1902-1.jpg,mother and child on the beach,1902
124_mother-and-son-on-the-shore-1902.jpg,mother and son on the shore,1902
125_naked-woman-with-dripping-hair-1902.jpg,naked woman with dripping hair,1902
126_portrait-of-corina-romeu-1902.jpg,portrait of corina romeu,1902
127_portrait-of-juli-gonzalez-1902.jpg,portrait of juli gonzalez,1902
129_scene-in-a-cabaret-1902.jpg,scene in a cabaret,1902
12_head-of-a-child-1896.jpg,head of a child,1896
130_seated-woman-1902.jpg,seated woman,1902
132_study-to-two-sisters-1902.jpg,study to two sisters,1902
133_summer-landscape-1902.jpg,summer landscape,1902
134_the-visit-the-two-sisters-1902.jpg,the visit the two sisters,1902
135_the-woman-with-the-edge-1902.jpg,the woman with the edge,1902
136_two-women-sitting-at-a-bar-1902.jpg,two women sitting at a bar,1902
137_woman-in-a-shawl-1902.jpg,woman in a shawl,1902
138_woman-in-blue-1902-1.jpg,woman in blue,1902
139_woman-with-green-stockings-1902.jpg,woman with green stockings,1902
13_portrait-of-aunt-pepa-1896.jpg,portrait of aunt pepa,1896
141_a-blue-vase-1903.jpg,a blue vase,1903
142_angel-fernandez-de-soto-and-his-friend-1903.jpg,angel fernandez de soto and his friend,1903
144_ascet-1903.jpg,ascet,1903
145_breakfast-of-a-blind-man-1903.jpg,breakfast of a blind man,1903
146_dawn-at-riera-de-sant-joan-1903.jpg,dawn at riera de sant joan,1903
147_dinner-time-evocation-of-horta-d-ebre-1903.jpg,dinner time evocation of horta d ebre,1903
148_group-of-poor-people-1903.jpg,group of poor people,1903
149_life-1903.jpg,life,1903
14_portrait-of-the-artist-s-mother-1896.jpg,portrait of the artist s mother,1896
150_man-and-woman-in-caf%C3%A9-1903.jpg,man and woman in café,1903
151_man-and-woman-in-caf%C3%A9-study-1903.jpg,man and woman in café study,1903
152_man-and-woman-with-child-in-caf%C3%A9-1903.jpg,man and woman with child in café,1903
153_mother-and-son-with-handkerchief-1903.jpg,mother and son with handkerchief,1903
155_old-blind-man-with-boy-1903.jpg,old blind man with boy,1903
156_palace-of-arts-barcelona-1903.jpg,palace of arts barcelona,1903
157_portrait-of-a-tailor-soler-1903.jpg,portrait of a tailor soler,1903
158_portrait-of-seniora-soler-girl-in-a-chemise-1903.jpg,portrait of seniora soler girl in a chemise,1903
159_portrait-of-the-artist-1903.jpg,portrait of the artist,1903
15_quarries-1896.jpg,quarries,1896
160_s-junyer-vidal-with-woman-beside-him-1903.jpg,s junyer vidal with woman beside him,1903
161_seated-female-nude-1903.jpg,seated female nude,1903
162_seated-woman-on-a-striped-floor-1903.jpg,seated woman on a striped floor,1903
163_sebastia-junyer-vidal-as-matador-1903.jpg,sebastia junyer vidal as matador,1903
164_sebastia-junyer-vidal-as-rhapsode-1903.jpg,sebastia junyer vidal as rhapsode,1903
165_soler-family-1903.jpg,soler family,1903
166_the-absinthe-drinker-portrait-of-angel-fernandez-de-soto-1903.jpg,the absinthe drinker portrait of angel fernandez de soto,1903
167_the-embrace-1903.jpg,the embrace,1903
168_the-family-of-blind-man-1903.jpg,the family of blind man,1903
169_the-mackerel-1903.jpg,the mackerel,1903
16_self-portrait-1896.jpg,self portrait,1896
170_the-old-blind-guitarist-1903.jpg,the old blind guitarist,1903
171_the-roofs-of-barcelona-1903.jpg,the roofs of barcelona,1903
172_the-roofs-of-barcelona-in-the-moonlight-1903.jpg,the roofs of barcelona in the moonlight,1903
173_the-soup-1903.jpg,the soup,1903
174_the-tragedy-1903.jpg,the tragedy,1903
175_two-nudes-and-a-cat-1903.jpg,two nudes and a cat,1903
176_woman-with-cigarette-1903.jpg,woman with cigarette,1903
179_a-simple-meal-1904.jpg,a simple meal,1904
17_the-altarboy-1896.jpg,the altarboy,1896
180_a-simple-meal-1904-1.jpg,a simple meal,1904
181_an-actor-1904.jpg,an actor,1904
182_blind-man-and-girl-1904.jpg,blind man and girl,1904
183_celestina-1904.jpg,celestina,1904
184_celestina-1904-1.jpg,celestina,1904
185_lovers-1904.jpg,lovers,1904
186_madeleine-1904.jpg,madeleine,1904
187_madonna-with-garland-1904.jpg,madonna with garland,1904
188_mother-and-child-study-1904.jpg,mother and child study,1904
189_picasso-and-s-junier-vidal-sitting-near-celestina-1904.jpg,picasso and s junier vidal sitting near celestina,1904
18_advertisement-for-tavern-four-cats-1897.jpg,advertisement for tavern four cats,1897
190_portrait-of-jaime-sabartes-1904.jpg,portrait of jaime sabartes,1904
191_portrait-of-nude-casagemas-1904.jpg,portrait of nude casagemas,1904
192_portrait-of-sebastia-junyent-sans-1904.jpg .jpg,portrait of sebastia junyent sans,1904
193_portrait-of-suzanne-bloch-1904.jpg,portrait of suzanne bloch,1904
194_sleeping-nude-1904.jpg,sleeping nude,1904
195_sleeping-woman-meditation-1904.jpg,sleeping woman meditation,1904
196_standing-young-nude-1904.jpg,standing young nude,1904
197_the-catalan-sculptor-manolo-manuel-hugu%C3%A9-1904.jpg,the catalan sculptor manolo manuel hugué,1904
198_the-fool-1904.jpg,the fool,1904
199_the-fool-1904-1.jpg,the fool,1904
19_science-and-charity-1897.jpg,science and charity,1897
1_house-in-the-field-1893.jpg,house in the field,1893
200_the-ironer-1904.jpg,the ironer,1904
201_the-room-of-the-ironer-1904.jpg,the room of the ironer,1904
202_two-figures-1904.jpg,two figures,1904
203_two-friends-1904.jpg,two friends,1904
204_two-friends-1904-1.jpg,two friends,1904
205_woman-leaning-ahead-1904.jpg,woman leaning ahead,1904
206_woman-with-her-hair-in-a-small-bun-1904.jpg,woman with her hair in a small bun,1904
207_woman-with-raven-1904.jpg,woman with raven,1904
208_woman-with-raven-1904-1.jpg,woman with raven,1904
209_a-bank-of-canal-1905.jpg,a bank of canal,1905
210_a-boat-on-the-canal-1905.jpg,a boat on the canal,1905
211_a-boy-with-pipe-1905.jpg,a boy with pipe,1905
212_a-horsewoman-1905.jpg,a horsewoman,1905
213_acrobat-and-young-harlequin-1905.jpg,acrobat and young harlequin,1905
214_at-lapin-agile-harlequin-with-glass-1905.jpg,at lapin agile harlequin with glass,1905
215_boy-with-a-dog-1905.jpg,boy with a dog,1905
216_boy-with-bouquet-of-flowers-in-his-hand-1905.jpg,boy with bouquet of flowers in his hand,1905
217_dutch-girl-1905.jpg,dutch girl,1905
218_dutch-landscape-with-windmills-1905.jpg,dutch landscape with windmills,1905
219_dutchwoman-beside-the-canal-1905.jpg,dutchwoman beside the canal,1905
21_head-of-a-man-in-el-greco-style-1899.jpg,head of a man in el greco style,1899
220_family-of-acrobats-1905.jpg,family of acrobats,1905
221_family-of-acrobats-jugglers-1905.jpg,family of acrobats jugglers,1905
222_family-of-acrobats-study-1905.jpg,family of acrobats study,1905
223_family-of-acrobats-with-monkey-1905.jpg,family of acrobats with monkey,1905
224_family-of-jugglers-1905.jpg,family of jugglers,1905
225_girl-on-the-ball-1905.jpg,girl on the ball,1905
226_harlequin-on-the-horseback-1905.jpg,harlequin on the horseback,1905
227_harlequin-s-family-1905.jpg,harlequin s family,1905
228_harlequin-s-family-1905-1.jpg,harlequin s family,1905
229_harlequin-s-head-1905.jpg,harlequin s head,1905
22_la-chata-1899.jpg,la chata,1899
230_head-of-hurdy-gurdy-1905.jpg,head of hurdy gurdy,1905
231_head-of-young-man-1905.jpg,head of young man,1905
232_hurdy-gurdy-1905.jpg,hurdy gurdy,1905
233_madame-soler-1905.jpg,madame soler,1905
234_mallorcan-1905.jpg,mallorcan,1905
235_mother-and-child-1905.jpg,mother and child,1905
236_mother-and-child-baladins-1905.jpg,mother and child baladins,1905
237_nudes-interlaces-1905.jpg,nudes interlaces,1905
238_portrait-of-madame-canals-1905.jpg,portrait of madame canals,1905
239_profile-of-young-dutchwoman-1905.jpg,profile of young dutchwoman,1905
23_lola-1899.jpg,lola,1899
240_right-profile-of-clown-1905.jpg,right profile of clown,1905
241_salome-1905.jpg,salome,1905
242_seated-fat-clown-1905.jpg,seated fat clown,1905
243_seated-female-nude-1905.jpg,seated female nude,1905
244_seated-monkey-1905.jpg,seated monkey,1905
245_the-bread-carrier-1905.jpg,the bread carrier,1905
246_the-three-dutchwoman-1905.jpg,the three dutchwoman,1905
247_two-acrobats-with-a-dog-1905.jpg,two acrobats with a dog,1905
248_two-roosters-1905.jpg,two roosters,1905
249_venus-and-cupid-1905.jpg,venus and cupid,1905
250_woman-with-a-fan-1905.jpg,woman with a fan,1905
251_woman-s-profile-1905.jpg,woman s profile,1905
252_young-acrobat-and-clown-1905.jpg,young acrobat and clown,1905
253_young-naked-girl-with-flower-basket-1905.jpg,young naked girl with flower basket,1905
256_bed-with-mosquito-nets-1906.jpg,bed with mosquito nets,1906
257_boy-leading-a-horse-1906.jpg,boy leading a horse,1906
258_bust-of-nude-woman-1906.jpg,bust of nude woman,1906
259_bust-of-woman-1906.jpg,bust of woman,1906
25_portrait-of-josep-cardona-1899.jpg,portrait of josep cardona,1899
260_bust-of-woman-1906-1.jpg,bust of woman,1906
261_composition-peasants-1906.jpg,composition peasants,1906
262_el-tinen-1906.jpg,el tinen,1906
263_female-nude-in-profile-1906.jpg,female nude in profile,1906
264_fernande-with-shawl-1906.jpg,fernande with shawl,1906
265_fernande-s-head-1906.jpg,fernande s head,1906
266_girl-and-goat-1906.jpg,girl and goat,1906
267_hairdressing-1906.jpg,hairdressing,1906
268_harlequin-s-death-1906.jpg,harlequin s death,1906
269_head-of-young-man-1906.jpg,head of young man,1906
26_a-spanish-couple-in-front-of-inn-1900.jpg,a spanish couple in front of inn,1900
270_nude-with-her-hands-pressed-to-each-other-1906.jpg,nude with her hands pressed to each other,1906
271_nude-woman-naked-face-and-nude-woman-profile-1906.jpg,nude woman naked face and nude woman profile,1906
272_nude-youth-1906.jpg,nude youth,1906
273_nude-study-to-harem-1906.jpg,nude study to harem,1906
274_peasants-1906.jpg,peasants,1906
275_portrait-of-allan-stein-1906.jpg,portrait of allan stein,1906
276_portrait-of-fernande-olivier-in-headscarves-1906.jpg,portrait of fernande olivier in headscarves,1906
277_portrait-of-gertrude-stein-1906.jpg,portrait of gertrude stein,1906
278_reclining-nude-fernande-1906.jpg,reclining nude fernande,1906
279_seated-nude-1906.jpg,seated nude,1906
27_bullfighters-and-bull-waiting-for-the-next-move-1900.jpg,bullfighters and bull waiting for the next move,1900
280_seated-nude-and-standing-nude-1906.jpg,seated nude and standing nude,1906
281_seated-nude-and-standing-nude-1906-1.jpg,seated nude and standing nude,1906
282_self-portrait-1906.jpg,self portrait,1906
283_self-portrait-1906-1.jpg,self portrait,1906
284_self-portrait-1906-2.jpg,self portrait,1906
285_self-portrait-1906-3.jpg,self portrait,1906
286_spaniard-1906.jpg,spaniard,1906
287_standing-female-nude-1906.jpg,standing female nude,1906
288_still-life-with-table-1906.jpg,still life with table,1906
289_still-life-with-vases-1906.jpg,still life with vases,1906
28_embrace-1900.jpg,embrace,1900
290_study-to-girls-from-avignon-1906.jpg,study to girls from avignon,1906
291_teenagers-1906.jpg,teenagers,1906
292_teenagers-1906-1.jpg,teenagers,1906
293_the-harem-1906.jpg,the harem,1906
294_three-nudes-1906.jpg,three nudes,1906
295_toilette-1906.jpg,toilette,1906
296_toilette-1906-1.jpg,toilette,1906
297_toilette-1906-2.jpg,toilette,1906
298_two-brothers-1906.jpg,two brothers,1906
299_two-naked-women-1906.jpg,two naked women,1906
29_fairground-1900.jpg,fairground,1900
2_plaster-male-torso-1893.jpg,plaster male torso,1893
300_two-nude-women-1906.jpg,two nude women,1906
301_two-nude-women-1906-1.jpg,two nude women,1906
302_two-nude-women-1906-2.jpg,two nude women,1906
303_woman-on-a-donkey-1906.jpg,woman on a donkey,1906
304_woman-with-comb-1906.jpg,woman with comb,1906
308_la-maja-con-bandolina-1907.jpg .JPG,la maja con bandolina,1907
309_a-girl-from-avignon-1907.jpg,a girl from avignon,1907
30_gypsy-in-front-of-musca-1900.jpg,gypsy in front of musca,1900
310_bust-of-woman-1907.jpg,bust of woman,1907
311_bust-of-young-woman-from-avignon-1907.jpg,bust of young woman from avignon,1907
313_dance-of-the-veils-1907.jpg,dance of the veils,1907
314_exotic-flowers-1907.jpg,exotic flowers,1907
316_female-nude-study-1907.jpg,female nude study,1907
318_flowers-on-the-table-1907.jpg,flowers on the table,1907
31_lovers-of-the-street-1900.jpg,lovers of the street,1900
321_marin-and-student-1907.jpg,marin and student,1907
322_nude-bust-1907.jpg,nude bust,1907
323_nude-with-drapery-study-for-the-great-dancer-1907.jpg,nude with drapery study for the great dancer,1907
324_nude-with-raised-arms-1907.jpg,nude with raised arms,1907
325_nude-with-raised-arms-the-avignon-dancer-1907.jpg,nude with raised arms the avignon dancer,1907
326_nude-with-towel-1907.jpg,nude with towel,1907
327_seated-female-nude-1907.jpg,seated female nude,1907
328_self-portrait-1907.jpg,self portrait,1907
329_still-life-with-lemons-1907.jpg,still life with lemons,1907
32_moulin-de-la-galette-1900.jpg,moulin de la galette,1900
330_the-girls-of-avignon-1907.jpg,the girls of avignon,1907
331_the-girls-of-avignon-study-1907.jpg,the girls of avignon study,1907
332_the-girls-of-avignon-study-1907-1.jpg,the girls of avignon study,1907
333_the-great-odalisque-after-ingres-1907.jpg,the great odalisque after ingres,1907
334_woman-with-a-fan-1907.jpg,woman with a fan,1907
335_woman-with-yellow-shirt-1907.jpg,woman with yellow shirt,1907
336_frauenkopf-1908.jpg,frauenkopf,1908
337_paysage-aux-deux-figures-1908.jpg,paysage aux deux figures,1908
338_a-driade-nude-in-the-forest-1908.jpg,a driade nude in the forest,1908
339_bather-1908.jpg,bather,1908
33_picador-1900.jpg,picador,1900
340_bathers-in-the-forest-1908.jpg,bathers in the forest,1908
341_bathing-1908.jpg,bathing,1908
342_composition-with-skull-1908.jpg,composition with skull,1908
343_farm-woman-1908.jpg,farm woman,1908
344_farm-woman-1908-1.jpg,farm woman,1908
346_flowers-in-a-grey-jar-1908.jpg,flowers in a grey jar,1908
347_friendship-1908.jpg,friendship,1908
348_glass-and-fruits-1908.jpg,glass and fruits,1908
349_green-pan-and-black-bottle-1908.jpg,green pan and black bottle,1908
34_pierrot-and-colombina-1900.jpg,pierrot and colombina,1900
350_harlequin-s-family-1908.jpg,harlequin s family,1908
352_head-of-a-man-1908.jpg,head of a man,1908
353_head-of-a-man-1908-1.jpg,head of a man,1908
354_head-of-a-man-1908-2.jpg,head of a man,1908
355_head-of-woman-1908.jpg,head of woman,1908
356_house-in-a-garden-1908.jpg,house in a garden,1908
357_house-in-the-garden-1908.jpg,house in the garden,1908
358_jug-and-fruit-dish-1908.jpg,jug and fruit dish,1908
359_pitcher-and-bowls-1908.jpg,pitcher and bowls,1908
360_pot-glass-and-book-1908.jpg,pot glass and book,1908
361_queen-isabella-1908.jpg,queen isabella,1908
362_reclining-nude-1908.jpg,reclining nude,1908
363_reclining-nude-1908-1.jpg,reclining nude,1908
365_seated-woman-1908.jpg,seated woman,1908
366_standing-female-nude-1908.jpg,standing female nude,1908
367_standing-nude-1908.jpg,standing nude,1908
369_three-women-1908.jpg,three women,1908
36_snackbar-in-the-open-air-1900.jpg,snackbar in the open air,1900
370_three-women-rhythmical-version-1908.jpg,three women rhythmical version,1908
372_head-of-a-woman-1909.jpg,head of a woman,1909
373_portrait-of-fernande-olivier-1909.jpg,portrait of fernande olivier,1909
374_the-reservoir-horta-de-ebro-1909.jpg,the reservoir horta de ebro,1909
375_young-woman-1909.jpg,young woman,1909
376_bathers-drying-themselves-1909.jpg,bathers drying themselves,1909
379_carnival-at-the-bistro-1909.jpg,carnival at the bistro,1909
37_stuffed-shirts-1900.jpg,stuffed shirts,1900
380_fruit-in-a-vase-1909.jpg,fruit in a vase,1909
381_harlequin-leaning-1909.jpg,harlequin leaning,1909
382_houses-on-the-hill-1909.jpg,houses on the hill,1909
383_nude-1909.jpg,nude,1909
384_portrait-of-manuel-pallares-1909.jpg,portrait of manuel pallares,1909
385_seated-woman-1909.jpg,seated woman,1909
386_still-life-with-bottle-of-anis-del-mono-1909.jpg,still life with bottle of anis del mono,1909
387_woman-and-pears-fernande-1909.jpg,woman and pears fernande,1909
388_woman-with-a-mandolin-1909.jpg,woman with a mandolin,1909
389_woman-with-mandolin-1909.jpg,woman with mandolin,1909
38_the-brutal-embrace-1900.jpg,the brutal embrace,1900
392_girl-with-mandolin-fanny-tellier-1910.jpg,girl with mandolin fanny tellier,1910
393_guitar-player-1910.jpg,guitar player,1910
395_portrait-of-ambroise-vollard-1910.jpg,portrait of ambroise vollard,1910
396_portrait-of-daniel-henry-kahnweiler-1910.jpg,portrait of daniel henry kahnweiler,1910
397_seated-female-nude-1910.jpg,seated female nude,1910
398_the-good-derain-1910.jpg,the good derain,1910
399_portrait-of-wilhelm-uhde-1910.jpg .jpg,portrait of wilhelm uhde,1910
39_the-cries-of-virgins-1900.jpg,the cries of virgins,1900
400_a-glass-1911.jpg,a glass,1911
401_catalan-woman-1911.jpg,catalan woman,1911
402_clarinet-1911.jpg,clarinet,1911
404_man-with-a-guitar-1911-1.jpg,man with a guitar,1911
405_pedestal-glasses-cups-mandolin-1911.jpg,pedestal glasses cups mandolin,1911
406_poet-1911.jpg,poet,1911
407_still-life-on-the-piano-cort-1911.jpg,still life on the piano cort,1911
408_still-life-with-bottle-of-rum-1911.jpg,still life with bottle of rum,1911
409_the-chess-1911.jpg,the chess,1911
40_view-of-riera-de-sant-joan-from-the-window-1900.jpg,view of riera de sant joan from the window,1900
410_the-mandolinist-1911.jpg,the mandolinist,1911
411_the-piano-accordionist-1911.jpg,the piano accordionist,1911
413_woman-with-guitar-and-piano-1911.jpg,woman with guitar and piano,1911
414_my-beautiful-woman-with-guitar-1912.jpg,my beautiful woman with guitar,1912
415_bottle-glass-violin-1912.jpg,bottle glass violin,1912
416_fruit-dish-1912.jpg,fruit dish,1912
417_glass-and-bottle-of-suze-1912.jpg,glass and bottle of suze,1912
418_guitar-1912.jpg,guitar,1912
419_guitar-i-love-eva-1912.jpg,guitar i love eva,1912
41_woman-with-cat-1900.jpg,woman with cat,1900
420_guitar-and-sheet-of-music-1912.jpg,guitar and sheet of music,1912
422_guitar-glass-and-bottle-of-vieux-marc-1912.jpg,guitar glass and bottle of vieux marc,1912
423_guitar-sheet-music-and-wine-glass-1912.jpg,guitar sheet music and wine glass,1912
424_head-of-a-man-with-hat-1912.jpg,head of a man with hat,1912
425_landscape-with-posters-1912.jpg,landscape with posters,1912
426_man-with-guitar-1912.jpg,man with guitar,1912
427_musical-instruments-1912.jpg,musical instruments,1912
428_our-futures-is-in-the-air-1912.jpg,our futures is in the air,1912
429_souvenir-from-havre-1912.jpg,souvenir from havre,1912
430_spanish-still-life-1912.jpg,spanish still life,1912
431_still-life-with-the-caned-chair-1912.jpg,still life with the caned chair,1912
432_still-life-with-violin-and-fruits-1912.jpg,still life with violin and fruits,1912
433_table-in-a-cafe-bottle-of-pernod-1912.jpg,table in a cafe bottle of pernod,1912
434_the-aficionado-the-torero-1912.jpg,the aficionado the torero,1912
435_the-pigeon-pea-1912.jpg,the pigeon pea,1912
436_the-shell-saint-jacques-our-future-is-in-the-air-1912.jpg,the shell saint jacques our future is in the air,1912
439_violin-glass-pipe-and-inkwell-1912.jpg,violin glass pipe and inkwell,1912
43_a-blue-room-a-tub-1901.jpg,a blue room a tub,1901
441_au-bon-marche-1913.jpg,au bon marche,1913
442_bottle-of-black-rum-vive-la-france-1913.jpg,bottle of black rum vive la france,1913
443_bottle-of-vieux-marc-glass-and-newspaper-1913.jpg,bottle of vieux marc glass and newspaper,1913
444_bottle-of-vieux-marc-glass-guitar-and-newspaper-1913.jpg,bottle of vieux marc glass guitar and newspaper,1913
445_clarinet-and-violin-1913.jpg,clarinet and violin,1913
446_clarinet-bottle-of-bass-newspaper-ace-of-clubs-1913.jpg,clarinet bottle of bass newspaper ace of clubs,1913
447_geometrical-composition-the-guitar-1913.jpg,geometrical composition the guitar,1913
448_guitar-and-bottle-1913.jpg,guitar and bottle,1913
449_harlequinesque-personage-1913.jpg,harlequinesque personage,1913
44_a-red-skirt-1901.jpg,a red skirt,1901
450_head-1913.jpg,head,1913
451_head-of-a-man-1913.jpg,head of a man,1913
453_man-with-guitar-1913.jpg,man with guitar,1913
454_student-with-newspaper-1913.jpg,student with newspaper,1913
455_the-guitar-1913.jpg,the guitar,1913
456_violin-1913.jpg,violin,1913
457_woman-with-a-shirt-sitting-in-a-chair-1913.jpg,woman with a shirt sitting in a chair,1913
458_woman-with-guitar-1913.jpg,woman with guitar,1913
459_pipe-and-musical-score-pipe-and-sheet-music-1914.jpg,pipe and musical score pipe and sheet music,1914
45_bullfight-scene-1901.jpg,bullfight scene,1901
460_still-life-with-compote-and-glass-1913.jpg,still life with compote and glass,1913
461_a-glass-of-absinthe-1914.jpg,a glass of absinthe,1914
462_apple-1914.jpg,apple,1914
463_bottle-of-bass-glass-and-package-of-tobacco-1914.jpg,bottle of bass glass and package of tobacco,1914
464_fruit-vase-and-bunch-of-grapes-1914.jpg,fruit vase and bunch of grapes,1914
465_glass-1914.jpg,glass,1914
466_glass-and-bottle-of-bass-1914.jpg,glass and bottle of bass,1914
467_glass-and-bottle-of-straw-rum-1914.jpg,glass and bottle of straw rum,1914
468_glass-and-newspaper-1914.jpg,glass and newspaper,1914
469_glass-on-a-table-1914.jpg,glass on a table,1914
46_child-with-dove-1901.jpg,child with dove,1901
470_man-with-pipe-1914.jpg,man with pipe,1914
471_mandolin-1914.jpg,mandolin,1914
472_pedestal-1914.jpg,pedestal,1914
473_pipe-and-card-1914.jpg,pipe and card,1914
474_playing-card-and-glass-1914.jpg,playing card and glass,1914
475_portrait-of-young-girl-1914.jpg,portrait of young girl,1914
476_still-life-1914.jpg,still life,1914
477_still-life-with-class-and-an-apple-1914.jpg,still life with class and an apple,1914
478_still-life-with-gobleet-1914.jpg,still life with gobleet,1914
479_still-life-with-guitar-1914.jpg,still life with guitar,1914
47_couple-walking-1901.jpg,couple walking,1901
481_the-tavern-1914.jpg,the tavern,1914
482_couple-of-dancers-1915.jpg,couple of dancers,1915
483_harlequin-1915.jpg,harlequin,1915
484_seated-man-with-his-arms-crossed-1915.jpg,seated man with his arms crossed,1915
485_artist-s-studio-1916.jpg,artist s studio,1916
486_harlequin-with-guitar-1916.jpg,harlequin with guitar,1916
487_the-guitar-1916.jpg,the guitar,1916
488_the-italian-woman-with-a-flower-1917.jpg,the italian woman with a flower,1917
489_barselona-harlequin-1917.jpg,barselona harlequin,1917
48_courtesan-with-necklace-of-gems-1901.jpg,courtesan with necklace of gems,1901
490_costume-design-for-ballet-tricorne-1917.jpg,costume design for ballet tricorne,1917
491_costume-design-for-ballet-tricorne-1917-1.jpg,costume design for ballet tricorne,1917
492_costume-design-for-ballet-tricorne-1917-2.jpg,costume design for ballet tricorne,1917
493_costume-design-for-ballet-tricorne-1917-3.jpg,costume design for ballet tricorne,1917
494_costume-design-for-ballet-tricorne-1917-4.jpg,costume design for ballet tricorne,1917
495_costume-design-for-ballet-tricorne-1917-5.jpg,costume design for ballet tricorne,1917
496_cubist-person-1917.jpg,cubist person,1917
497_curtain-for-the-ballet-parade-1917.jpg,curtain for the ballet parade,1917
498_el-paseo-de-colon-1917.jpg,el paseo de colon,1917
499_fruit-dish-1917.jpg,fruit dish,1917
49_crossind-seine-on-the-upper-deck-1901.jpg,crossind seine on the upper deck,1901
500_gutted-horse-1917.jpg,gutted horse,1917
501_harlequin-and-woman-with-necklace-1917.jpg,harlequin and woman with necklace,1917
502_olga-in-a-mantilla-1917.jpg,olga in a mantilla,1917
503_partition-bottle-of-port-guitar-playing-cards-1917.jpg,partition bottle of port guitar playing cards,1917
504_portrait-of-diaghilev-and-seligsberg-1917.jpg,portrait of diaghilev and seligsberg,1917
505_self-portrait-1917.jpg,self portrait,1917
507_woman-with-spanish-dress-1917.jpg,woman with spanish dress,1917
508_bathers-1918.jpg,bathers,1918
509_fruit-bowl-with-fruit-1918.jpg,fruit bowl with fruit,1918
50_evocation-the-burial-of-casagemas-1901.jpg,evocation the burial of casagemas,1901
510_guitar-and-jug-on-a-table-1918.jpg,guitar and jug on a table,1918
511_harlequin-1918.jpg,harlequin,1918
512_harlequin-with-guitar-1918.jpg,harlequin with guitar,1918
513_pierrot-with-a-mask-1918.jpg,pierrot with a mask,1918
514_portrait-of-madame-patri-1918.jpg,portrait of madame patri,1918
516_tricorne-study-1919.jpg,tricorne study,1919
517_dancer-1919.jpg,dancer,1919
518_guitar-bottle-fruit-dish-and-glass-on-the-table-1919.jpg,guitar bottle fruit dish and glass on the table,1919
519_lovers-1919.jpg,lovers,1919
51_flower-seller-1901.jpg,flower seller,1901
520_portrait-of-l%C3%A9onide-massine-1919.jpg,portrait of léonide massine,1919
521_portrait-of-pierre-auguste-renoir-1919.jpg,portrait of pierre auguste renoir,1919
522_seven-ballerinas-1919.jpg,seven ballerinas,1919
523_seven-ballerinas-1919-1.jpg,seven ballerinas,1919
524_spouses-sisley-after-the-the-betrothed-by-auguste-renoir-1919.jpg,spouses sisley after the the betrothed by auguste renoir,1919
525_still-life-in-front-of-a-window-at-saint-raphael-1919.jpg,still life in front of a window at saint raphael,1919
526_still-life-in-front-of-a-window-overlooking-the-eglise-st-augustin-1919.jpg,still life in front of a window overlooking the eglise st augustin,1919
527_still-life-with-pitcher-and-apples-1919.jpg,still life with pitcher and apples,1919
528_table-in-front-of-window-1919.jpg,table in front of window,1919
529_the-student-1919.jpg,the student,1919
52_harlequin-leaning-1901.jpg,harlequin leaning,1901
530_the-table-1919.jpg,the table,1919
531_three-dancers-1919.jpg,three dancers,1919
532_untitled-1919.jpg,untitled,1919
533_abduction-nessus-and-deianeira-1920.jpg,abduction nessus and deianeira,1920
534_abduction-nessus-and-deianeira-1920-1.jpg,abduction nessus and deianeira,1920
535_artist-s-studio-on-street-la-boetie-1920.jpg,artist s studio on street la boetie,1920
536_bathers-1920.jpg,bathers,1920
537_birds-of-a-feather-1920.jpg,birds of a feather,1920
538_bowl-of-fruit-and-guitar-1920.jpg,bowl of fruit and guitar,1920
539_design-of-costume-for-pulcinella-1920.jpg,design of costume for pulcinella,1920
53_head-of-woman-1901.jpg,head of woman,1901
540_design-of-costume-for-pulcinella-1920-1.jpg,design of costume for pulcinella,1920
541_five-bathers-1920.jpg,five bathers,1920
543_guitar-1920.jpg,guitar,1920
544_guitar-1920-1.jpg,guitar,1920
545_guitar-on-pedestal-1920.jpg,guitar on pedestal,1920
546_guitar-on-pedestal-1920-1.jpg,guitar on pedestal,1920
547_guitar-on-pedestal-1920-2.jpg,guitar on pedestal,1920
548_landscape-of-juan-les-pins-1920.jpg,landscape of juan les pins,1920
549_man-with-mandolin-1920.jpg,man with mandolin,1920
54_jeanne-reclining-nude-1901.jpg,jeanne reclining nude,1901
550_man-with-mandolin-1920-1.jpg,man with mandolin,1920
551_nudes-in-reverie-1920.jpg,nudes in reverie,1920
552_olga-in-a-hat-with-feather-1920.jpg,olga in a hat with feather,1920
553_pedestal-1920.jpg,pedestal,1920
554_pierrot-and-harlequin-1920.jpg,pierrot and harlequin,1920
555_pierrot-and-harlequin-on-the-terrace-of-caf%C3%A9-1920.jpg,pierrot and harlequin on the terrace of café,1920
556_portrait-of-bearded-man-leaning-on-cradle-1920.jpg,portrait of bearded man leaning on cradle,1920
557_portrait-of-erik-satie-1920.jpg,portrait of erik satie,1920
558_portrait-of-igor-stravinsky-1920.jpg,portrait of igor stravinsky,1920
559_portrait-of-olga-1920.jpg,portrait of olga,1920
55_longchamp-1901.jpg,longchamp,1901
560_punchinello-with-guitar-1920.jpg,punchinello with guitar,1920
561_reclining-woman-at-the-seashore-1920.jpg,reclining woman at the seashore,1920
562_scene-design-for-pulcinella-1920.jpg,scene design for pulcinella,1920
563_seated-woman-1920.jpg,seated woman,1920
564_seated-woman-olga-1920.jpg,seated woman olga,1920
565_seated-woman-olga-1920-1.jpg,seated woman olga,1920
567_studio-1920.jpg,studio,1920
568_the-abduction-1920.jpg,the abduction,1920
569_two-bathers-1920.jpg,two bathers,1920
56_madrilenian-head-of-young-woman-1901.jpg,madrilenian head of young woman,1901
570_two-nude-women-1920.jpg,two nude women,1920
571_two-nude-women-1920-1.jpg,two nude women,1920
572_untitled-1920.jpg,untitled,1920
573_untitled-1920-1.jpg,untitled,1920
574_untitled-1920-2.jpg,untitled,1920
575_window-opened-to-the-street-penthieure-1920.jpg,window opened to the street penthieure,1920
576_woman-reading-olga-1920.jpg,woman reading olga,1920
577_woman-reading-olga-1920-1.jpg,woman reading olga,1920
578_woman-sitting-in-an-armchair-1920.jpg,woman sitting in an armchair,1920
579_guitar-bottle-and-fruit-bowl-1921.jpg,guitar bottle and fruit bowl,1921
57_mother-and-child-behind-the-bouquet-of-flowers-1901.jpg,mother and child behind the bouquet of flowers,1901
580_head-of-woman-1921.jpg,head of woman,1921
581_head-of-woman-1921-1.jpg,head of woman,1921
582_head-of-woman-1921-2.jpg,head of woman,1921
583_leaning-woman-with-bonnet-1921.jpg,leaning woman with bonnet,1921
584_mother-and-child-1921.jpg,mother and child,1921
585_mother-and-child-1921-1.jpg,mother and child,1921
586_musicians-with-masks-1921.jpg,musicians with masks,1921
587_musicians-with-masks-1921-1.jpg,musicians with masks,1921
588_reading-1921.jpg,reading,1921
589_seated-nude-drying-her-feet-1921.jpg,seated nude drying her feet,1921
58_motherhood-1901.jpg,motherhood,1901
590_seated-woman-1921.jpg,seated woman,1921
591_still-life-1921.jpg,still life,1921
592_still-life-with-jug-and-bread-1921.jpg,still life with jug and bread,1921
593_the-fighters-1921.jpg,the fighters,1921
594_three-women-at-a-fountain-1921.jpg,three women at a fountain,1921
595_three-women-at-a-fountain-1921-1.jpg,three women at a fountain,1921
596_three-women-at-a-fountain-1921-2.jpg,three women at a fountain,1921
597_three-women-at-a-fountain-study-1921.jpg,three women at a fountain study,1921
598_three-women-at-a-fountain-study-1921-1.jpg,three women at a fountain study,1921
599_three-women-at-a-fountain-study-1921-2.jpg,three women at a fountain study,1921
59_motherhood-1901-1.jpg,motherhood,1901
5_female-nude-from-back-1895.jpg,female nude from back,1895
600_three-women-at-a-fountain-study-1921-3.jpg,three women at a fountain study,1921
601_two-bathers-1921.jpg,two bathers,1921
602_woman-with-child-on-the-seashore-1921.jpg,woman with child on the seashore,1921
603_woman-s-head-and-hand-1921.jpg,womans head and hand,1921
605_reading-the-letter-1921.jpg,reading the letter,1921
606_acrobat-1922.jpg,acrobat,1922
607_bust-of-a-woman-arms-raised-1922.jpg,bust of a woman arms raised,1922
608_family-at-the-seashore-1922.jpg,family at the seashore,1922
609_glass-bottle-packet-of-tobacco-1922.jpg,glass bottle packet of tobacco,1922
60_nana-1901.jpg,nana,1901
610_mother-and-child-1922.jpg,mother and child,1922
611_mother-and-child-1922-1.jpg,mother and child,1922
612_mother-and-child-1922-2.jpg,mother and child,1922
613_still-life-1922.jpg,still life,1922
614_two-women-running-on-the-beach-the-race-1922.jpg,two women running on the beach the race,1922
615_harlequin-with-his-hands-crossed-jacinto-salvado-1923.jpg,harlequin with his hands crossed jacinto salvado,1923
616_head-of-a-woman-1923.jpg,head of a woman,1923
617_head-of-woman-1923.jpg,head of woman,1923
618_kallan-1923.jpg,kallan,1923
619_lovers-1923-1.jpg,lovers,1923
61_pablo-picasso-and-sebast%C3%ACa-junyer-vidal-arrives-to-paris-1901.jpg,pablo picasso and sebastìa junyer vidal arrives to paris,1901
620_olga-1923.jpg,olga,1923
621_pan-s-flute-1923.jpg,pan s flute,1923
622_paul-the-artist-s-son-ten-years-old-1923.jpg,paul the artist s son ten years old,1923
623_portrait-of-paulo-artist-s-son-1923.jpg,portrait of paulo artist s son,1923
624_seated-harlequin-jacinto-salvado-1923.jpg,seated harlequin jacinto salvado,1923
625_seated-woman-1923.jpg,seated woman,1923
626_seated-woman-1923-1.jpg,seated woman,1923
627_seated-woman-with-her-arms-folded-sarah-murphy-1923.jpg,seated woman with her arms folded sarah murphy,1923
628_standing-female-nude-1923.jpg,standing female nude,1923
629_untitled-1937-8.jpg,untitled,1937
62_pablo-picasso-and-sebast%C3%ACa-junyer-vidal-arrives-to-paris-1901-1.jpg,pablo picasso and sebastìa junyer vidal arrives to paris,1901
630_woman-in-white-1923.jpg,woman in white,1923
631_greek-woman-1924.jpg,greek woman,1924
632_guitar-glass-and-fruit-dish-with-fruit-1924.jpg,guitar glass and fruit dish with fruit,1924
633_paul-as-harlequin-1924.jpg,paul as harlequin,1924
634_still-life-with-stone-1924.jpg,still life with stone,1924
635_still-life-with-the-mandolin-1924.jpg,still life with the mandolin,1924
637_artist-s-son-1925.jpg,artist s son,1925
638_plaster-head-and-arm-1925.jpg,plaster head and arm,1925
639_portrait-of-la-scala-master-of-ballet-1925.jpg,portrait of la scala master of ballet,1925
63_picasso-with-partner-1901.jpg,picasso with partner,1901
640_still-life-with-antique-bust-1925.jpg,still life with antique bust,1925
641_still-life-with-fishing-net-1925.jpg,still life with fishing net,1925
642_the-dance-1925.jpg,the dance,1925
643_the-kiss-1925.jpg,the kiss,1925
644_the-sculpture-1925.jpg,the sculpture,1925
645_woman-with-mandolin-1925.jpg,woman with mandolin,1925
647_artist-and-his-model-1926.jpg,artist and his model,1926
648_buste-of-young-woman-marie-therese-walter-1926.jpg,buste of young woman marie therese walter,1926
649_guitar-1926.jpg,guitar,1926
64_pierreuse-with-her-hand-on-her-shoulder-1901.jpg,pierreuse with her hand on her shoulder,1901
650_interior-with-easel-1926.jpg,interior with easel,1926
651_milliners-workshop-of-the-milliner-1926.jpg,milliners workshop of the milliner,1926
653_figure-1927.jpg,figure,1927
654_man-and-woman-1927.jpg,man and woman,1927
655_painter-and-his-model-1927.jpg,painter and his model,1927
656_seated-woman-1927.jpg,seated woman,1927
658_study-of-cannes-1927.jpg,study of cannes,1927
659_portrait-of-a-lady-1925.jpg .jpg,portrait of a lady,1925
65_portrait-of-bibi-la-pur%C3%A9e-1901.jpg,portrait of bibi la purée,1901
660_figure-and-profile-1928.jpg .jpg,figure and profile,1928
661_couple-at-the-seaside-1928.jpg .jpg,couple at the seaside,1928
662_ballplayers-on-the-beach-1928.jpg,ballplayers on the beach,1928
663_bather-1928.jpg,bather,1928
664_bather-opening-a-cabin-1928.jpg,bather opening a cabin,1928
665_bathers-on-the-beach-1928.jpg,bathers on the beach,1928
666_landscape-1928.jpg,landscape,1928
667_on-the-beach-dinard-1928.jpg,on the beach dinard,1928
668_painter-and-his-model-1928.jpg,painter and his model,1928
669_the-studio-1928.jpg,the studio,1928
66_portrait-of-gustave-coquiot-1901.jpg,portrait of gustave coquiot,1901
671_head-in-blue-background-1929.jpg .jpg,head in blue background,1929
672_monument-head-of-a-woman-1929.jpg .jpg,monument head of a woman,1929
673_a-blue-acrobat-1929.jpg,a blue acrobat,1929
674_bather-1929.jpg,bather,1929
675_head-1929.jpg,head,1929
676_large-nude-in-red-armchair-1929.jpg,large nude in red armchair,1929
677_portrait-of-paulo-as-pierrot-1929.jpg,portrait of paulo as pierrot,1929
678_reclining-woman-1929.jpg,reclining woman,1929
679_seated-bather-on-the-beach-1929.jpg,seated bather on the beach,1929
67_portrait-of-gustave-coquiot-1901-1.jpg,portrait of gustave coquiot,1901
680_the-swimmer-1929.jpg,the swimmer,1929
681_untitled-1929.jpg,untitled,1929
682_woman-in-the-garden-1929.jpg,woman in the garden,1929
684_abstraction-head-1930.jpg,abstraction head,1930
685_female-acrobat-1930.jpg .jpg,female acrobat,1930
686_head-of-a-woman-1930.jpg .jpg,head of a woman,1930
687_head-in-red-background-1930.jpg .jpg,head in red background,1930
688_acrobat-1930.jpg,acrobat,1930
689_crucifixion-1930.jpg,crucifixion,1930
68_portrait-of-jaime-sabartes-1901.jpg,portrait of jaime sabartes,1901
690_crucifixion-study-1930.jpg,crucifixion study,1930
691_seated-bather-1930.jpg,seated bather,1930
692_seated-woman-1930.jpg,seated woman,1930
693_a-lamp-1931.jpg,a lamp,1931
694_bather-1931.jpg,bather,1931
695_bust-of-woman-1931.jpg,bust of woman,1931
696_figures-at-the-seaside-1931.jpg,figures at the seaside,1931
697_great-still-life-on-pedestal-1931.jpg,great still life on pedestal,1931
698_seated-woman-in-a-red-armchair-1931.jpg,seated woman in a red armchair,1931
699_still-life-1931.jpg,still life,1931
69_portrait-of-jaime-sabartes-the-bock-1901.jpg,portrait of jaime sabartes the bock,1901
6_the-barefoot-girl-1895.jpg,the barefoot girl,1895
700_the-sculptor-1931.jpg,the sculptor,1931
701_woman-with-yellow-hair-1931.jpg,woman with yellow hair,1931
702_young-girl-throwing-a-rock-1931.jpg,young girl throwing a rock,1931
703_nude-green-leaves-and-bust-1932.jpg .jpg,nude green leaves and bust,1932
704_a-dream-1932.jpg,a dream,1932
705_bather-with-beach-ball-1932.jpg,bather with beach ball,1932
706_beach-game-and-rescue-1932.jpg,beach game and rescue,1932
707_female-nude-sitting-in-red-armchair-1932.jpg,female nude sitting in red armchair,1932
708_girl-in-front-of-mirror-1932.jpg,girl in front of mirror,1932
709_girl-in-front-of-mirror-1932-1.jpg,girl in front of mirror,1932
70_portrait-of-mateu-fernandez-de-soto-1901.jpg,portrait of mateu fernandez de soto,1901
710_lying-female-nude-1932.jpg,lying female nude,1932
711_lying-female-nude-1932-1.jpg,lying female nude,1932
712_lying-female-nude-1932-2.jpg,lying female nude,1932
713_naked-woman-1932.jpg,naked woman,1932
714_reading-1932.jpg,reading,1932
715_reclining-nude-1932.jpg,reclining nude,1932
716_reclining-woman-1932.jpg,reclining woman,1932
717_reclining-woman-1932-1.jpg,reclining woman,1932
718_seated-female-nude-1932.jpg,seated female nude,1932
719_sleep-1932.jpg,sleep,1932
71_portrait-of-petrus-manach-1901.jpg,portrait of petrus manach,1901
720_the-mirror-1932.jpg,the mirror,1932
721_the-rescue-1932.jpg,the rescue,1932
722_woman-in-red-armchair-1932.jpg,woman in red armchair,1932
723_woman-on-the-beach-1932.jpg,woman on the beach,1932
724_woman-with-book-1932.jpg,woman with book,1932
725_woman-with-flower-1932.jpg,woman with flower,1932
727_bacchic-scene-with-minotaur-1933.jpg,bacchic scene with minotaur,1933
728_farmer-s-wife-on-a-stepladder-1933.jpg,farmer s wife on a stepladder,1933
729_marie-therese-as-vestal-ensuring-the-minotaur-asleep-1933.jpg,marie therese as vestal ensuring the minotaur asleep,1933
72_profile-of-a-young-girl-girl-with-red-flower-in-her-hair-1901.jpg,profile of a young girl girl with red flower in her hair,1901
730_minotaur-is-dying-1933.jpg,minotaur is dying,1933
731_minotaur-is-wounded-1933.jpg,minotaur is wounded,1933
732_minotaur-is-wounded-1933-1.jpg,minotaur is wounded,1933
733_nudes-and-bust-1933.jpg,nudes and bust,1933
734_silenus-dancing-in-company-1933.jpg,silenus dancing in company,1933
735_the-sculptor-and-his-statue-1933.jpg,the sculptor and his statue,1933
736_two-dressed-models-1933.jpg,two dressed models,1933
737_model-for-the-cover-of-minotaur-1933.jpg,model for the cover of minotaur,1933
73_public-garden-1901.jpg,public garden,1901
744_a-bullfight-1934.jpg,a bullfight,1934
745_a-bullfight-1934-1.jpg,a bullfight,1934
746_blind-minotaur-is-guided-by-girl-1934.jpg,blind minotaur is guided by girl,1934
747_blind-minotaur-is-guided-by-girl-1934-1.jpg,blind minotaur is guided by girl,1934
748_blind-minotaur-is-guided-by-girl-1934-2.jpg,blind minotaur is guided by girl,1934
749_blind-minotaur-is-guided-by-girl-through-the-night-1934.jpg,blind minotaur is guided by girl through the night,1934
74_sada-yacco-1901.jpg,sada yacco,1901
750_bullfight-1934.jpg,bullfight,1934
751_dying-bull-1934.jpg,dying bull,1934
752_female-nude-in-the-garden-1934.jpg,female nude in the garden,1934
753_nudes-1934.jpg,nudes,1934
754_two-figures-1934.jpg,two figures,1934
755_woman-turned-right-1934.jpg,woman turned right,1934
756_woman-with-cap-1934.jpg,woman with cap,1934
757_woman-with-red-hat-1934.jpg,woman with red hat,1934
758_woman-writing-1934.jpg,woman writing,1934
759_woman-s-head-1934.jpg,woman s head,1934
75_seated-woman-in-green-1901.jpg,seated woman in green,1901
762_a-muse-1935.jpg,a muse,1935
763_bust-of-a-woman-1935.jpg,bust of a woman,1935
764_head-of-a-woman-olga-picasso-1935.jpg,head of a woman olga picasso,1935
765_the-minotauromachie-1935.jpg,the minotauromachie,1935
766_woman-reading-1935.jpg,woman reading,1935
767_woman-with-hat-olga-1935.jpg,woman with hat olga,1935
768_a-reclining-female-nude-1936.jpg,a reclining female nude,1936
769_bust-of-woman-1936.jpg,bust of woman,1936
76_self-portrait-1901.jpg,self portrait,1901
770_faun-unveiling-a-sleeping-girl-jupiter-and-antiope-after-rembrandt-1936.jpg,faun unveiling a sleeping girl jupiter and antiope after rembrandt,1936
771_faun-horse-and-bird-1936.jpg,faun horse and bird,1936
772_head-1936.jpg,head,1936
773_minotaur-is-wounded-horse-and-personages-1936.jpg,minotaur is wounded horse and personages,1936
774_minotaur-with-dead-horse-in-front-of-a-cave-facing-a-girl-in-veil-1936.jpg,minotaur with dead horse in front of a cave facing a girl in veil,1936
775_portrait-of-woman-1936.jpg,portrait of woman,1936
776_portrait-of-woman-1936-1.jpg,portrait of woman,1936
777_portrait-of-woman-1936-2.jpg,portrait of woman,1936
778_portrait-of-young-girl-1936.jpg,portrait of young girl,1936
779_sleeper-near-the-shutters-1936.jpg,sleeper near the shutters,1936
77_self-portrait-1901-1.jpg,self portrait,1901
780_still-life-with-lemon-and-jug-1936.jpg,still life with lemon and jug,1936
781_still-life-with-lemon-and-oranges-1936.jpg,still life with lemon and oranges,1936
782_still-life-school-of-paris-1936.jpg,still life school of paris,1936
783_the-remains-of-minotaur-in-a-harlequin-costume-1936.jpg,the remains of minotaur in a harlequin costume,1936
784_untitled-1936.jpg,untitled,1936
785_untitled-1936-1.jpg,untitled,1936
786_untitled-1936-2.jpg,untitled,1936
787_untitled-1936-3.jpg,untitled,1936
788_untitled-1936-4.jpg,untitled,1936
789_untitled-1936-5.jpg,untitled,1936
78_self-portrait-1901-2.jpg,self portrait,1901
790_untitled-1936-6.jpg,untitled,1936
791_untitled-1936-7.jpg,untitled,1936
792_untitled-1936-8.jpg,untitled,1936
793_untitled-1936-9.jpg,untitled,1936
794_woman-by-the-dresser-1936.jpg,woman by the dresser,1936
795_woman-by-the-dresser-1936-1.jpg,woman by the dresser,1936
796_woman-by-the-window-1936.jpg,woman by the window,1936
797_woman-in-a-straw-hat-1936.jpg,woman in a straw hat,1936
798_woman-in-the-interior-1936.jpg,woman in the interior,1936
799_woman-with-bouquet-1936.jpg,woman with bouquet,1936
79_self-portrait-1901-3.jpg,self portrait,1901
7_the-old-fisherman-1895.jpg,the old fisherman,1895
801_portrait-of-marie-therese-in-a-red-beret-1937.jpg,portrait of marie therese in a red beret,1937
802_head-of-a-woman-marie-therese-walter-1937.jpg .jpg,head of a woman marie therese walter,1937
803_two-naked-women-on-the-beach-1937.jpg .jpg,two naked women on the beach,1937
804_weeping-woman-with-handkerchief-1937.jpg .jpeg,weeping woman with handkerchief,1937
805_horse-head-sketch-for-guernica-1937.jpg .jpg,horse head sketch for guernica,1937
806_guernica-1937.jpg .jpg,guernica,1937
807_crying-woman-1937.jpg,crying woman,1937
808_crying-woman-1937-1.jpg,crying woman,1937
809_crying-woman-1937-2.jpg,crying woman,1937
80_still-life-the-dessert-1901.jpg,still life the dessert,1901
810_crying-woman-1937-3.jpg,crying woman,1937
811_dream-and-lie-of-franco-1937.jpg,dream and lie of franco,1937
812_dream-and-lie-of-franco-1937-1.jpg,dream and lie of franco,1937
813_great-bather-reading-1937.jpg,great bather reading,1937
814_leaning-woman-1937.jpg,leaning woman,1937
815_minotaur-is-wounded-1937.jpg,minotaur is wounded,1937
816_portrait-of-dora-maar-1937.jpg,portrait of dora maar,1937
817_portrait-of-dora-maar-1937-1.jpg,portrait of dora maar,1937
818_portrait-of-dora-maar-1937-2.jpg,portrait of dora maar,1937
819_portrait-of-lee-miller-as-arlesienne-1937.jpg,portrait of lee miller as arlesienne,1937
81_the-absinthe-drinker-1901.jpg,the absinthe drinker,1901
820_portrait-of-marie-therese-1937.jpg,portrait of marie therese,1937
821_portrait-of-marie-th%C3%A9r%C3%A8se-walter-1937.jpg,portrait of marie thérèse walter,1937
822_portrait-of-marie-th%C3%A9r%C3%A8se-walter-1937-1.jpg,portrait of marie thérèse walter,1937
823_portrait-of-marie-therese-walter-with-garland-1937.jpg .jpg,portrait of marie therese walter with garland,1937
824_portrait-of-nusch-eluard-1937.jpg .jpg,portrait of nusch eluard,1937
825_portrait-of-paul-%C3%A9luard-1937.jpg,portrait of paul éluard,1937
826_seated-portrait-of-marie-therese-walter-1937.jpg,seated portrait of marie therese walter,1937
827_still-life-with-candle-1937.jpg,still life with candle,1937
828_still-life-with-candlestick-1937.jpg,still life with candlestick,1937
829_the-imploring-1937.jpg,the imploring,1937
82_the-absinthe-drinker-1901-1.jpg,the absinthe drinker,1901
830_untitled-1937.jpg,untitled,1937
831_untitled-1937-1.jpg,untitled,1937
832_untitled-1937-2.jpg,untitled,1937
833_untitled-1937-3.jpg,untitled,1937
834_untitled-1937-4.jpg,untitled,1937
835_untitled-1937-5.jpg,untitled,1937
836_untitled-1937-6.jpg,untitled,1937
837_untitled-1937-7.jpg,untitled,1937
838_untitled-1937-9.jpg,untitled,1937
839_untitled-1937-10.jpg,untitled,1937
83_the-corrida-1901.jpg,the corrida,1901
840_untitled-1937-11.jpg,untitled,1937
841_woman-in-beret-and-checked-dress-1937.jpg,woman in beret and checked dress,1937
843_man-with-lollipop-1938.jpg .jpg,man with lollipop,1938
844_a-rooster-1938.jpg,a rooster,1938
845_a-rooster-1938-1.jpg,a rooster,1938
846_candle-palette-head-of-red-bull-1938.jpg,candle palette head of red bull,1938
847_candle-palette-head-of-red-bull-1938-1.jpg,candle palette head of red bull,1938
848_faun-s-head-1938.jpg,faun s head,1938
84_the-death-of-casagemas-1901.jpg,the death of casagemas,1901
850_man-with-a-straw-hat-and-an-ice-cream-1938.jpg,man with a straw hat and an ice cream,1938
851_man-with-ice-cream-cone-1938.jpg,man with ice cream cone,1938
852_man-with-straw-hat-1938.jpg,man with straw hat,1938
853_maya-with-boat-1938.jpg,maya with boat,1938
854_mother-and-child-marie-therese-and-maya-1938.jpg,mother and child marie therese and maya,1938
855_portrait-of-maya-1938.jpg,portrait of maya,1938
856_portrait-of-maya-with-her-doll-1938.jpg,portrait of maya with her doll,1938
857_seated-woman-in-garden-1938.jpg,seated woman in garden,1938
858_still-life-with-a-bull-s-head-book-and-candle-range-1938.jpg,still life with a bull s head book and candle range,1938
859_the-sailor-1938.jpg,the sailor,1938
85_the-death-of-casagemas-1901-1.jpg,the death of casagemas,1901
860_untitled-1938.jpg,untitled,1938
861_untitled-1938-1.jpg,untitled,1938
862_untitled-1938-2.jpg,untitled,1938
863_untitled-1938-3.jpg,untitled,1938
864_untitled-1938-4.jpg,untitled,1938
865_woman-sitting-in-an-armchair-1938.jpg,woman sitting in an armchair,1938
866_woman-with-cockerel-1938.jpg,woman with cockerel,1938
867_woman-with-straw-hat-on-flowery-background-1938.jpg,woman with straw hat on flowery background,1938
868_women-at-their-toilette-1938.jpg,women at their toilette,1938
869_young-tormented-girl-1939.jpg .jpg,young tormented girl,1939
86_the-divan-japonais-1901.jpg,the divan japonais,1901
870_femme-assise-robe-bleue-1939.jpg .jpg,femme assise robe bleue,1939
871_bust-of-woman-1939.jpg,bust of woman,1939
872_cat-catching-a-bird-1939.jpg,cat catching a bird,1939
873_cat-eating-a-bird-1939.jpg,cat eating a bird,1939
874_contemplating-people-1939.jpg,contemplating people,1939
875_dora-maar-1939.jpg,dora maar,1939
876_head-of-a-woman-1939.jpg,head of a woman,1939
877_marie-therese-leaning-1939.jpg,marie therese leaning,1939
878_night-fishing-at-antibes-1939.jpg,night fishing at antibes,1939
879_portrait-of-jaime-sabartes-as-grandee-1939.jpg,portrait of jaime sabartes as grandee,1939
87_the-fortune-1901.jpg,the fortune,1901
880_seated-female-nude-1939.jpg,seated female nude,1939
881_seated-woman-1939.jpg,seated woman,1939
882_seated-woman-with-blue-and-red-hat-1939.jpg,seated woman with blue and red hat,1939
883_still-life-with-bull-s-skull-1939.jpg,still life with bull s skull,1939
884_the-yellow-shirt-dora-maar-1939.jpg,the yellow shirt dora maar,1939
885_untitled-1939.jpg,untitled,1939
886_untitled-1939-1.jpg,untitled,1939
887_untitled-1939-2.jpg,untitled,1939
888_untitled-1939-3.jpg,untitled,1939
889_untitled-1939-4.jpg,untitled,1939
88_the-fourteenth-of-july-1901.jpg,the fourteenth of july,1901
890_untitled-1939-5.jpg,untitled,1939
891_untitled-1939-6.jpg,untitled,1939
892_untitled-1939-7.jpg,untitled,1939
893_untitled-1939-8.jpg,untitled,1939
894_woman-sitting-in-an-armchair-1939.jpg,woman sitting in an armchair,1939
895_woman-sitting-in-red-armchair-1939.jpg,woman sitting in red armchair,1939
896_woman-s-head-1939.jpg,woman s head,1939
897_a-hat-with-flowers-1940.jpg,a hat with flowers,1940
898_caf%C3%A9-in-royan-1940.jpg,café in royan,1940
899_caf%C3%A9-royan-1940.jpg,café royan,1940
89_the-greedy-1901.jpg,the greedy,1901
900_woman-styling-her-hair-1940.jpg,woman styling her hair,1940
901_dora-maar-with-cat-1941.jpeg,dora maar with cat,1941
902_boy-with-a-langosta-1941.jpg,boy with a langosta,1941
903_female-bust-portrait-de-dora-maar-1941.jpg,female bust portrait de dora maar,1941
904_female-nude-1941.jpg,female nude,1941
905_portrait-of-nusch-%C3%A9luard-1941.jpg,portrait of nusch éluard,1941
906_seated-dora-maar-1941.jpg,seated dora maar,1941
907_seated-woman-1941.jpg,seated woman,1941
908_seated-woman-on-wooden-chair-1941.jpg,seated woman on wooden chair,1941
909_seated-woman-with-spelling-book-1941.jpg,seated woman with spelling book,1941
90_the-mother-leading-two-children-1901.jpg,the mother leading two children,1901
910_woman-in-an-armchair-1941.jpg,woman in an armchair,1941
911_woman-in-striped-armchair-1941.jpg,woman in striped armchair,1941
912_woman-sitting-in-an-armchair-1941.jpg,woman sitting in an armchair,1941
913_woman-sitting-in-an-armchair-1941-1.jpg,woman sitting in an armchair,1941
914_woman-sitting-in-an-armchair-1941-2.jpg,woman sitting in an armchair,1941
915_woman-in-an-armchair-1941-1.jpg,woman in an armchair,1941
916_bust-of-a-woman-1942.jpg,bust of a woman,1942
917_bulls-head-1942.jpg .jpg,bulls head,1942
918_bull-s-head-on-the-table-1942.jpg,bull s head on the table,1942
919_portrait-of-woman-dora-maar-1942.jpg,portrait of woman dora maar,1942
91_the-pool-of-tuileries-1901.jpg,the pool of tuileries,1901
920_seated-woman-with-fish-1942.jpg,seated woman with fish,1942
921_still-life-with-guitar-1942.jpg,still life with guitar,1942
922_still-life-with-skull-of-ox-1942.jpg,still life with skull of ox,1942
923_the-serenade-1942.jpg,the serenade,1942
927_le-marin-1943.jpg .jpg,le marin,1943
928_a-child-with-pigeons-1943.jpg,a child with pigeons,1943
929_bust-of-woman-1943.jpg,bust of woman,1943
92_the-suicide-casagemas-1901.jpg,the suicide casagemas,1901
930_firsts-steps-1943.jpg,firsts steps,1943
931_head-of-woman-1943.jpg,head of woman,1943
932_portrait-of-d-m-1943.jpg,portrait of d m,1943
933_skull-urchins-and-lamp-on-a-table-1943.jpg,skull urchins and lamp on a table,1943
934_square-du-vert-galant-1943.jpg,square du vert galant,1943
935_the-buffet-catalan-1943.jpg,the buffet catalan,1943
936_the-buffet-of-catalan-1943.jpg,the buffet of catalan,1943
937_vase-with-flowers-1943.jpg,vase with flowers,1943
938_vase-with-flowers-1943-1.jpg,vase with flowers,1943
939_woman-with-hat-1943.jpg,woman with hat,1943
93_the-sun-king-1901.jpg,the sun king,1901
940_glass-and-pitcher-1944.jpg,glass and pitcher,1944
941_still-life-with-lamp-1944.jpg,still life with lamp,1944
942_tomato-plant-1944.jpg,tomato plant,1944
943_woman-washing-her-feet-1944.jpg,woman washing her feet,1944
944_woman-with-brooch-1944.jpg,woman with brooch,1944
946_woman-in-green-1943.jpg,woman in green,1943
947_the-charnel-house-1945.jpg .jpg,the charnel house,1945
948_bull-plate-i-1945.jpg,bull plate i,1945
949_bull-plate-ii-1945.jpg,bull plate ii,1945
94_two-acrobats-harlequin-and-his-companion-1901.jpg,two acrobats harlequin and his companion,1901
950_bull-plate-iii-1945.jpg,bull plate iii,1945
951_bull-plate-iv-1945.jpg,bull plate iv,1945
952_bull-plate-v-1945.jpg,bull plate v,1945
953_bull-plate-vi-1945.jpg,bull plate vi,1945
954_bull-plate-vii-1945.jpg,bull plate vii,1945
955_child-with-flower-1945.jpg,child with flower,1945
956_crane-and-pitcher-1945.jpg,crane and pitcher,1945
957_figure-1945.jpg,figure,1945
958_jug-candle-and-enamel-pan-1945.jpg,jug candle and enamel pan,1945
959_leeks-fish-head-skull-and-pitcher-1945.jpg,leeks fish head skull and pitcher,1945
95_woman-at-a-fountain-1901.jpg,woman at a fountain,1901
960_scenes-of-bullfighting-1945.jpg,scenes of bullfighting,1945
961_seated-woman-with-flat-hat-1945.jpg,seated woman with flat hat,1945
962_skull-and-leeks-1945.jpg,skull and leeks,1945
964_bull-plate-ix-1946.jpg,bull plate ix,1946
965_bull-plate-viii-1946.jpg,bull plate viii,1946
966_bull-plate-x-1946.jpg,bull plate x,1946
967_bull-plate-xi-1946.jpg,bull plate xi,1946
968_bull-study-1946.jpg,bull study,1946
969_composition-1946.jpg,composition,1946
96_woman-dressed-in-blue-1901.jpg,woman dressed in blue,1901
970_crane-book-and-oil-lamp-1946.jpg,crane book and oil lamp,1946
971_head-of-a-woman-with-green-curls-1946.jpg,head of a woman with green curls,1946
972_lust-for-life-pastorale-1946.jpg,lust for life pastorale,1946
973_owl-on-a-chair-and-sea-urchins-1946.jpg,owl on a chair and sea urchins,1946
974_standing-woman-1946.jpg,standing woman,1946
975_still-life-with-skull-on-an-armchair-1946.jpg,still life with skull on an armchair,1946
976_two-nude-women-1946.jpg,two nude women,1946
977_ulysses-and-sirens-1946.jpg,ulysses and sirens,1946
978_cock-and-knife-1947.jpg,cock and knife,1947
979_head-of-a-girl-1947.jpg,head of a girl,1947
97_woman-leaving-the-bath-1901.jpg,woman leaving the bath,1901
980_pigeon-1947.jpg,pigeon,1947
981_still-life-1947-1.jpg,still life,1947
982_still-life-on-a-table-1947.jpg,still life on a table,1947
983_pigeon-1948.jpg,pigeon,1948
984_claude-in-the-arms-of-his-mother-1948.jpg,claude in the arms of his mother,1948
985_claude-with-a-ball-1948.jpg,claude with a ball,1948
986_the-kitchen-1948.jpg,the kitchen,1948
987_the-kitchen-1948-1.jpg,the kitchen,1948
988_woman-sitting-in-an-armchair-1948.jpg,woman sitting in an armchair,1948
989_claude-two-years-old-and-his-hobby-horse-1949.jpg,claude two years old and his hobby horse,1949
98_woman-on-the-street-1901.jpg,woman on the street,1901
990_head-of-faun-1949.jpg,head of faun,1949
991_seated-francoise-with-blue-dress-1949.jpg,seated francoise with blue dress,1949
992_woman-sitting-in-an-armchair-1949.jpg,woman sitting in an armchair,1949
993_claude-and-paloma-playing-1950.jpg,claude and paloma playing,1950
994_drawing-woman-surrounded-by-her-children-1950.jpg,drawing woman surrounded by her children,1950
995_head-of-a-girl-1950.jpg,head of a girl,1950
996_massacre-in-korea-1951.jpg .jpg,massacre in korea,1951
997_francoise-gilot-with-paloma-and-claude-1951.jpg,francoise gilot with paloma and claude,1951
998_picador-on-the-horseback-on-arena-1951.jpg,picador on the horseback on arena,1951
999_portrait-of-child-1951.jpg,portrait of child,1951
99_woman-with-blue-hat-1901.jpg,woman with blue hat,1901
